title,cover,meta_title,meta_description,content,tags
"Voluptatibus quia ut ea voluptatum praesentium ipsa tempore et.",https://picsum.photos/id/0/400/200,"Nostrum eligendi voluptatem corporis maiores minus ea.","Non animi quas optio aut molestias autem quos commodi deserunt.","Autem non incidunt omnis nam illo aut possimus. Ipsa ratione corrupti dolores esse occaecati eius. Blanditiis sit sit minus. Soluta atque temporibus est facilis nihil sit. Dolores totam officia quibusdam delectus tenetur nihil rerum earum. Officiis omnis voluptates qui quibusdam. Assumenda velit consequatur id molestiae sint occaecati voluptates.",news|information
"Aut veniam possimus aut aperiam eos vitae sed.",https://picsum.photos/id/1/400/200,"Ad beatae vel alias odio voluptas vel reprehenderit.","Placeat qui praesentium nobis culpa ipsam eveniet pariatur architecto sint molestias velit voluptate.","Labore voluptatem quibusdam quisquam. Magni dolorem iure sequi ut. Temporibus dolorem porro labore. Iste dicta eos quis repellat quas alias eos sit.",information
"Accusamus accusantium non voluptates doloribus et cupiditate aliquid.",https://picsum.photos/id/2/400/200,"Necessitatibus excepturi in rerum qui itaque magnam.","Dignissimos quos est est voluptas cum velit qui adipisci et est quo dolor et.","Sit voluptatem atque ipsa facilis modi illo quis. Sunt quibusdam maiores debitis et delectus numquam sit laborum. Nesciunt at id molestias illo qui. Officiis enim nihil qui laudantium consequatur. Excepturi in ut magni deserunt minus doloribus non consequatur. Qui magnam est in.",news|jobs
"Et saepe et consequatur illum perspiciatis.",https://picsum.photos/id/3/400/200,"Tempora quam ut voluptatem.","Consequatur tempore voluptas earum consequatur rerum at ut perferendis eum harum et debitis doloribus id.","Et consectetur quidem non officia. Ullam et rerum sunt dolorem atque autem vel quia. Laboriosam autem ut suscipit corporis. Aliquam commodi dignissimos rerum aut incidunt beatae. Iste veniam reprehenderit sed alias vel aperiam hic. A aut soluta velit rerum exercitationem enim.",information
"Et quis ut repellat et ea eos ut sapiente.",https://picsum.photos/id/4/400/200,"Velit enim sapiente eaque consequatur.","Tempora molestiae atque quasi adipisci voluptates nisi ipsa aut aut magnam suscipit quibusdam.","Qui quis incidunt incidunt repellat. Eos animi ratione nulla ut id consequatur. Minus sequi dicta rerum quas nulla in. Sed at illum ad repudiandae.",jobs
"Veniam ipsam ut perferendis qui velit.",https://picsum.photos/id/5/400/200,"Dolor aspernatur sunt labore dolorem sint est officia.","Eum quaerat dolores occaecati totam voluptatem sequi exercitationem cumque dolorem aut laudantium non magni.","Labore ipsam aut corporis aut occaecati ex. Nam provident sit et. Numquam libero saepe saepe cumque reprehenderit et maxime. Accusantium recusandae facilis excepturi. Voluptatem possimus qui consequatur amet numquam. Quia vel ut sed harum ut.",news|information
"Pariatur inventore aperiam quia alias ea voluptatum adipisci.",https://picsum.photos/id/6/400/200,"Vel ab et voluptas labore at adipisci est.","Fugiat delectus quis eos maxime quod ut accusantium similique voluptatibus nihil magni veritatis cum necessitatibus.","Laudantium amet odit itaque eveniet aspernatur. Ut et debitis eaque. Quam sunt blanditiis quo et. Non blanditiis unde nostrum dolores sit vero enim. Sint voluptate labore ab inventore est corrupti voluptas. Cum suscipit et provident suscipit quos rerum eveniet. Itaque pariatur sit qui pariatur reiciendis sunt.",news|information
"Illum quae at minus cumque veritatis totam enim sunt.",https://picsum.photos/id/7/400/200,"Consequatur laudantium sit natus ut aut cum.","Laudantium deserunt non laborum commodi error necessitatibus.","Et natus itaque praesentium facere assumenda non nisi earum. Enim sit in ullam est. Consequatur eveniet dicta ea eaque omnis mollitia nemo. A aliquam similique vero cupiditate. Porro voluptatem vero placeat voluptas ad at nulla. Qui necessitatibus odit ex quia.",news|information
"Est nam nihil cum ratione.",https://picsum.photos/id/8/400/200,"Praesentium ad minus facere iusto.","Deleniti nulla et dignissimos rerum qui numquam earum.","Dolorum voluptatem ab delectus doloribus laboriosam quia. Aut maxime qui magnam quisquam. Aut voluptas ut est error et modi. Fugiat ducimus mollitia dolor eius in qui enim. Enim rerum aspernatur unde deserunt possimus reprehenderit rem.",news|information
"Quibusdam sint recusandae cum omnis.",https://picsum.photos/id/9/400/200,"Quis expedita sit quis exercitationem quia doloremque et.","Quia voluptatibus id sunt nesciunt et perferendis et voluptatum similique quia pariatur id.","Ullam blanditiis vitae quod et ad. Aut nemo quidem nulla voluptas qui doloremque atque. Quibusdam tenetur amet est quis molestias itaque consequatur. Et beatae placeat architecto ut consequuntur consequatur iste.",news|information
"Tempore sapiente reiciendis enim aliquam.",https://picsum.photos/id/10/400/200,"Nisi id placeat dignissimos qui.","Voluptatibus expedita quibusdam et explicabo velit culpa adipisci.","Ab excepturi iusto doloribus ut deleniti accusantium. Ea repellendus ut et numquam eos deserunt quia sed. Consequatur quidem dolorum id et non. Omnis ut possimus adipisci veniam rerum voluptatem. Iusto et quasi sunt velit alias. Voluptatem autem iure voluptatem accusantium voluptatem. Ipsam velit ut unde ut qui qui ipsum aut.",news|jobs
"Temporibus nihil et magni dolore fugit.",https://picsum.photos/id/11/400/200,"Quasi laborum exercitationem eum reprehenderit voluptates quia facilis.","Repudiandae doloremque dolorem nam facere iste sed similique omnis labore voluptas numquam sint nulla.","Inventore omnis deleniti quo dolores atque. Et sapiente ipsam ea nobis vero maiores. Fugiat est sit quam alias. Voluptate blanditiis rerum assumenda earum voluptas rerum odit aut. Eaque aut doloribus adipisci corrupti. Et nisi inventore quaerat molestiae. Modi aut ipsa autem porro.",jobs|information
"Sapiente quae natus facilis optio sequi dolor eveniet.",https://picsum.photos/id/12/400/200,"Distinctio cumque ut assumenda ut eos cum sed quia.","Reiciendis id similique sed ad occaecati quas enim id qui ut tempore.","Ipsum ut voluptatibus eos dolor. Pariatur voluptatibus rerum quasi provident ipsa commodi et. Aut molestiae voluptates ut. Ullam quia optio dignissimos quae est ut ipsa non. Est libero sed tenetur a ex. Tempora nam est id repellendus repellendus vero. Et eum et consequatur quibusdam nulla nesciunt velit.",jobs
"Esse aspernatur vel ut incidunt.",https://picsum.photos/id/13/400/200,"Velit expedita assumenda amet et.","Nobis praesentium culpa et quo ipsum sapiente quos enim ipsum consequatur ullam autem molestiae officia.","Aut dolores debitis incidunt velit corrupti iusto. Autem ullam laudantium voluptates. Voluptate sed et eveniet temporibus quis. Est quos eveniet ratione cupiditate. Illum officiis nulla vel labore consequatur sit ipsa qui. Vero atque doloribus cum est consequatur placeat beatae odit. Debitis error illo qui similique.",news|information
"Sit et ut nihil illum et.",https://picsum.photos/id/14/400/200,"Sit accusantium rerum aspernatur amet.","Temporibus earum eum et voluptas nisi qui nemo.","Impedit qui excepturi similique quis voluptas et sed. Voluptatem dolorem sit perferendis cupiditate recusandae et. Dolores numquam numquam et quod. Labore sint sint eos quasi voluptas. Corrupti optio expedita veniam illum autem quam blanditiis.",news
"Et ipsam quia eum enim quis voluptatum fugiat soluta.",https://picsum.photos/id/15/400/200,"Consequatur et et distinctio.","Quis et asperiores nihil consequatur architecto architecto natus voluptatem pariatur praesentium.","Ipsam id ad pariatur et quidem eum. Quidem commodi qui quibusdam nihil eaque nemo vel. Voluptas sed facere et maxime. Debitis porro omnis laudantium ducimus reprehenderit qui voluptas non. Nam cupiditate et enim assumenda ipsum. Ratione expedita quibusdam vero enim.",jobs|information
"Provident facilis ea provident consequuntur.",https://picsum.photos/id/16/400/200,"Est magni similique corporis omnis deleniti consectetur dolore.","Quo dolor nam ut quod excepturi et officia aliquid dolore eos ut.","Minima voluptatem error omnis error enim est modi. Voluptatem iure quo voluptas. Ipsa ea modi voluptas temporibus rerum eum voluptatem. Non quaerat iure harum explicabo. Iste reprehenderit qui recusandae non quia. Consequatur totam amet sint odio corporis omnis repellat.",jobs|information
"Molestiae exercitationem et qui non soluta qui.",https://picsum.photos/id/17/400/200,"Eligendi dolores laboriosam sunt mollitia aut facere necessitatibus.","Corrupti ut ullam ea distinctio optio reprehenderit quis consequatur cupiditate id doloribus.","Dolorem alias qui sint. Quidem rem tempore et velit quia nulla. Consequatur exercitationem nisi sed aut aut. Sit quos nihil ullam nobis velit et eligendi. Magnam illum rerum vel est voluptatem. Laudantium vitae delectus corrupti.",news
"Libero quas et qui incidunt iusto.",https://picsum.photos/id/18/400/200,"Minima mollitia veritatis qui voluptate voluptate aut.","Laudantium tempore repellat minus deleniti autem sit et non illo ut.","Voluptatum itaque quae aliquid modi dignissimos facere eaque. Voluptate adipisci explicabo tempora alias qui et praesentium. Sit voluptas eum distinctio. Qui esse qui est quaerat.",jobs|information